Time,Distance,Status
911,3743,OK
825,3742,OK
665,2787,OK
852,3339,OK
797,3211,OK
872,3110,OK
638,2786,OK
823,3725,OK
717,3121,OK
924,4192,OK
702,2798,OK
705,3319,OK
774,3272,OK
627,3056,OK
915,3989,OK
812,3420,OK
911,3570,OK
732,2917,OK
993,4028,OK
919,3706,OK
866,3623,OK
788,3595,OK
978,3959,OK
705,2865,OK
978,3958,OK
703,3076,OK
912,3748,OK
577,2492,OK
694,3033,OK
670,2990,OK
792,4063,OK
652,2880,OK
869,3641,OK
858,3737,OK
861,3752,OK
685,2866,OK
700,2858,OK
914,3985,OK
705,3027,OK
882,3166,OK
818,4023,OK
992,4023,OK
997,4059,OK
910,3968,OK
884,3392,OK
859,3739,OK
738,2951,OK
914,3754,OK
911,3578,OK
920,3607,OK
824,3731,OK
824,3731,OK
810,3057,OK
762,2998,OK
941,3952,OK
781,3322,OK
764,3276,OK
860,3747,OK
922,3710,OK
905,3691,OK
880,3365,OK
991,4018,OK
867,3628,OK
692,2969,OK
677,2865,OK
977,3953,OK
842,3557,OK
613,2655,OK
917,3997,OK
950,3501,OK
885,3859,OK
869,3647,OK
656,2930,OK
974,3930,OK
846,3570,OK
908,3695,OK
796,3205,OK
796,3205,OK
694,2987,OK
988,4000,OK
588,2508,OK
677,2865,OK
696,2986,OK
927,3822,OK
732,3343,OK
598,2559,OK
913,3580,OK
752,3476,OK
915,3757,OK
680,2895,OK
923,4030,OK
636,3191,OK
859,3745,OK
912,3975,OK
855,3720,OK
967,3898,OK
915,3604,OK
729,2885,OK
825,3738,OK
684,3399,OK
823,3109,OK
917,3604,OK
912,3699,OK
912,3699,OK
991,4022,OK
908,4605,OK
968,3900,OK
906,3731,OK
795,3200,OK
585,2487,OK
853,3710,OK
927,3716,OK
699,3018,OK
890,3209,OK
837,3288,OK
674,2970,OK
972,3265,OK
916,3600,OK
895,3227,OK
700,3017,OK
947,4378,OK
758,3514,OK
916,3763,OK
923,4030,OK
760,3526,OK
694,2986,OK
851,3701,OK
625,2762,OK
861,3754,OK
861,3754,OK
763,3267,OK
744,3045,OK
885,3062,OK
926,3814,OK
795,3197,OK
654,2912,OK
714,3102,OK
992,4026,OK
705,3330,OK
911,3973,OK
835,3720,OK
871,3657,OK
889,3876,OK
667,2740,OK
955,3621,OK
660,2941,OK
753,3482,OK
953,4006,OK
868,3638,OK
907,3732,OK
659,2935,OK
934,3885,OK
917,3767,OK
810,3410,OK
849,4259,OK
849,4259,OK
921,3708,OK
729,3456,OK
923,4030,OK
761,2992,OK
903,3972,OK
949,3500,OK
973,4209,OK
826,3748,OK
732,2900,OK
965,3888,OK
860,3751,OK
909,3967,OK
908,3741,OK
918,3611,OK
696,2987,OK
880,3368,OK
944,3965,OK
881,3372,OK
992,4031,OK
662,2968,OK
825,3659,OK
849,3733,OK
917,3997,OK
828,4101,OK
676,3395,OK
676,3395,OK
729,3057,OK
777,3203,OK
861,3756,OK
917,3767,OK
923,4023,OK
960,3513,OK
840,3304,OK
671,2944,OK
656,2918,OK
918,3351,OK
656,2871,OK
962,3875,OK
914,3600,OK
608,2791,OK
934,3887,OK
908,3962,OK
960,4035,OK
807,3037,OK
953,3620,OK
696,2996,OK
910,3747,OK
918,4003,OK
746,3565,OK
862,3318,OK
850,3739,OK
850,3739,OK
707,2865,OK
678,2867,OK
624,2723,OK
652,2898,OK
993,4037,OK
879,3359,OK
698,2948,OK
799,3453,OK
727,3054,OK
717,3119,OK
920,4013,OK
920,3780,OK
880,3364,OK
905,3707,OK
688,2953,OK
907,3958,OK
915,3605,OK
678,2873,OK
835,3529,OK
917,4002,OK
785,3249,OK
919,3619,OK
700,3026,OK
852,3751,OK
649,2882,OK
649,2882,OK
878,3357,OK
642,2859,OK
993,4042,OK
866,3793,OK
852,3705,OK
809,3791,OK
911,3754,OK
920,4013,OK
794,3308,OK
592,2542,OK
807,3466,OK
646,2889,OK
909,3967,OK
893,3901,OK
846,3784,OK
751,3248,OK
906,3713,OK
920,3624,OK
682,2897,OK
696,3000,OK
972,4198,OK
921,3787,OK
819,3626,OK
910,3973,OK
811,3066,OK
811,3066,OK
919,4009,OK
955,3621,OK
736,3346,OK
692,2976,OK
877,3352,OK
693,2985,OK
831,4126,OK
694,2988,OK
701,3027,OK
773,3348,OK
838,3291,OK
749,3262,OK
768,3307,OK
910,3973,OK
911,3314,OK
996,4066,OK
661,2943,OK
913,3762,OK
700,3023,OK
906,3713,OK
842,3557,OK
995,4064,OK
835,3526,OK
789,3116,OK
877,3350,OK
877,3350,OK
919,3615,OK
661,2939,OK
945,3974,OK
698,3013,OK
796,3638,OK
922,3794,OK
878,3353,OK
837,3285,OK
774,3353,OK
873,3326,OK
682,2898,OK
921,3631,OK
644,2875,OK
664,2797,OK
853,3633,OK
611,2842,OK
853,3760,OK
915,4131,OK
979,3959,OK
755,3493,OK
917,4002,OK
977,3951,OK
951,4241,OK
995,4055,OK
661,3070,OK
661,3070,OK
787,3390,OK
701,3023,OK
663,2956,OK
742,3221,OK
993,4040,OK
995,4061,OK
641,2676,OK
761,3482,OK
889,3879,OK
772,3330,OK
586,2551,OK
774,3353,OK
748,3254,OK
817,3523,OK
760,3495,OK
748,3254,OK
870,3092,OK
918,3617,OK
1020,3242,OK
706,3024,OK
922,3636,OK
828,3236,OK
807,3037,OK
850,3615,OK
845,3791,OK
845,3791,OK
808,3540,OK
994,4054,OK
784,3623,OK
945,3751,OK
923,3799,OK
914,3770,OK
916,3998,OK
908,3357,OK
900,3935,OK
850,3608,OK
857,3859,OK
872,3318,OK
874,3682,OK
772,3799,OK
994,4055,OK
659,2926,OK
846,3800,OK
979,3962,OK
578,2509,OK
641,3132,OK
979,3962,OK
782,3625,OK
685,2923,OK
919,3615,OK
925,3659,OK
925,3659,OK
901,4557,OK
616,2665,OK
762,3122,OK
828,3240,OK
960,4300,OK
923,3641,OK
943,3740,OK
701,2961,OK
944,3770,OK
954,3812,OK
706,3061,OK
781,3236,OK
855,4239,OK
835,3274,OK
827,3144,OK
690,3235,OK
871,3314,OK
774,3353,OK
915,3774,OK
658,2765,OK
686,3106,OK
872,3667,OK
668,2927,OK
933,3694,OK
925,3807,OK
925,3807,OK
674,3153,OK
672,2832,OK
910,3973,OK
688,2853,OK
924,3646,OK
899,3786,OK
875,3687,OK
944,3743,OK
773,3178,OK
848,3599,OK
874,3329,OK
993,4048,OK
672,3121,OK
944,3770,OK
607,2633,OK
834,3270,OK
925,3651,OK
911,3700,OK
870,3309,OK
699,3017,OK
944,3770,OK
703,3045,OK
982,3537,OK
830,3250,OK
853,3283,OK
853,3283,OK
970,4180,OK
874,3096,OK
926,3812,OK
646,2866,OK
740,2902,OK
749,3259,OK
685,2932,OK
905,3686,OK
776,3366,OK
944,3749,OK
649,2880,OK
666,3036,OK
944,3765,OK
685,3100,OK
995,4057,OK
876,3691,OK
898,3927,OK
848,3596,OK
960,3193,OK
869,3303,OK
660,2934,OK
912,3779,OK
688,2938,OK
734,3173,OK
831,4118,OK
831,4118,OK
592,2538,OK
873,3325,OK
927,3660,OK
796,3321,OK
744,2906,OK
873,3323,OK
715,3137,OK
716,3136,OK
969,4176,OK
791,3176,OK
702,3038,OK
534,2420,OK
851,3272,OK
834,3274,OK
912,3983,OK
927,3819,OK
716,3528,OK
680,3392,OK
932,3284,OK
918,3788,OK
769,3317,OK
992,4040,OK
701,3029,OK
699,3018,OK
835,3277,OK
835,3277,OK
943,3760,OK
685,2924,OK
876,3696,OK
733,2895,OK
917,3783,OK
828,4088,OK
778,3374,OK
933,3288,OK
756,3270,OK
641,2834,OK
928,3666,OK
916,3339,OK
960,3193,OK
778,3373,OK
646,2847,OK
953,3828,OK
666,3108,OK
801,3346,OK
874,3679,OK
651,2891,OK
688,2856,OK
718,3399,OK
919,3793,OK
923,3791,OK
900,3790,OK
900,3790,OK
924,3819,OK
622,2714,OK
932,3845,OK
942,3812,OK
930,3671,OK
739,3208,OK
695,2986,OK
868,3297,OK
683,3091,OK
682,3086,OK
692,2977,OK
872,3318,OK
942,3753,OK
880,3351,OK
637,3206,OK
877,3702,OK
915,3999,OK
1019,3881,OK
990,4032,OK
647,2872,OK
836,3284,OK
656,3288,OK
778,3378,OK
920,3798,OK
647,2977,OK
647,2977,OK
897,3782,OK
599,2582,OK
709,3072,OK
929,3830,OK
900,3790,OK
983,3795,OK
694,3007,OK
833,3270,OK
942,3748,OK
740,3213,OK
932,3682,OK
896,3919,OK
925,3653,OK
807,3696,OK
867,3290,OK
878,3710,OK
871,3312,OK
895,3775,OK
706,3002,OK
915,3769,OK
838,4150,OK
901,4557,OK
859,4263,OK
708,3010,OK
680,3080,OK
680,3080,OK
598,2578,OK
830,3244,OK
679,3128,OK
844,3785,OK
878,3112,OK
691,2954,OK
894,3769,OK
843,3239,OK
876,3697,OK
703,2983,OK
918,4522,OK
835,3277,OK
742,3224,OK
932,3681,OK
931,3838,OK
989,4023,OK
869,3306,OK
925,3653,OK
900,3790,OK
640,3130,OK
815,3171,OK
963,3211,OK
922,3811,OK
941,3742,OK
767,3153,OK
767,3153,OK
605,2620,OK
919,3369,OK
931,4281,OK
921,3806,OK
598,2583,OK
926,3377,OK
665,3126,OK
729,3145,OK
892,3764,OK
892,4079,OK
880,3726,OK
593,2544,OK
967,3234,OK
970,3254,OK
927,3661,OK
716,3119,OK
789,3678,OK
785,3830,OK
598,2578,OK
696,3005,OK
947,3785,OK
671,3334,OK
988,4019,OK
734,3225,OK
783,3636,OK
783,3636,OK
949,3447,OK
926,3661,OK
949,3447,OK
949,3447,OK
880,3721,OK
910,3803,OK
609,2630,OK
781,3392,OK
836,3283,OK
902,3800,OK
781,3125,OK
736,3197,OK
828,3236,OK
781,3125,OK
649,2866,OK
930,3674,OK
656,2898,OK
679,3076,OK
846,3796,OK
593,2549,OK
824,3214,OK
748,3231,OK
927,3665,OK
737,3198,OK
844,3679,OK
844,3679,OK
733,3179,OK
970,3254,OK
815,3736,OK
924,3817,OK
651,2893,OK
715,3113,OK
784,3645,OK
860,4271,OK
711,3111,OK
898,3227,OK
896,3931,OK
652,3194,OK
949,3798,OK
760,3099,OK
710,3105,OK
690,2948,OK
888,3753,OK
958,3861,OK
949,3780,OK
926,3377,OK
997,4072,OK
715,3133,OK
893,3916,OK
693,2992,OK
714,3017,OK
714,3017,OK
987,4012,OK
929,3672,OK
846,3723,OK
847,3770,OK
889,4351,OK
709,3099,OK
685,2955,OK
837,3289,OK
970,4176,OK
925,3822,OK
821,3592,OK
939,3728,OK
840,3313,OK
706,3086,OK
932,3883,OK
801,3352,OK
710,3078,OK
914,3174,OK
980,3775,OK
691,2978,OK
975,4206,OK
948,3795,OK
699,2950,OK
718,3138,OK
936,3388,OK
936,3388,OK
678,3070,OK
827,3227,OK
820,3587,OK
914,3341,OK
832,4126,OK
678,3072,OK
666,2979,OK
695,2925,OK
706,3084,OK
903,3809,OK
938,3900,OK
719,3143,OK
930,3679,OK
939,3727,OK
899,3950,OK
937,3729,OK
668,3007,OK
926,3828,OK
669,3016,OK
739,3210,OK
897,3780,OK
734,3184,OK
983,3795,OK
980,4388,OK
702,3045,OK
702,3045,OK
934,3693,OK
981,3974,OK
675,3102,OK
785,3396,OK
726,3196,OK
704,3050,OK
926,3781,OK
773,3558,OK
986,4006,OK
756,3270,OK
704,3076,OK
840,3313,OK
896,3776,OK
836,4165,OK
900,3957,OK
674,3033,OK
667,2998,OK
838,3678,OK
698,3019,OK
894,3771,OK
666,2990,OK
935,3299,OK
798,3734,OK
702,3064,OK
942,3394,OK
942,3394,OK
841,3320,OK
703,3069,OK
958,3861,OK
909,3843,OK
695,2975,OK
851,3656,OK
699,2955,OK
646,3161,OK
826,3498,OK
880,3721,OK
868,3921,OK
958,4430,OK
866,4353,OK
707,3011,OK
927,3834,OK
600,2579,OK
860,3258,OK
765,3511,OK
769,3175,OK
718,3133,OK
627,2746,OK
981,4018,OK
798,3717,OK
665,2984,OK
892,3765,OK
892,3765,OK
664,2977,OK
740,3214,OK
935,3704,OK
961,4140,OK
988,4016,OK
990,4223,OK
696,3010,OK
884,4030,OK
947,3784,OK
663,2971,OK
685,3364,OK
662,2961,OK
916,3866,OK
675,3163,OK
940,3733,OK
662,2966,OK
661,2955,OK
842,3327,OK
651,2884,OK
862,3847,OK
654,2908,OK
946,3754,OK
653,2930,OK
696,3011,OK
843,3333,OK
843,3333,OK
807,4153,OK
928,3839,OK
670,3027,OK
682,3198,OK
968,3238,OK
981,4018,OK
757,3464,OK
890,4493,OK
629,2644,OK
940,3796,OK
787,3668,OK
987,4213,OK
909,3841,OK
713,3047,OK
880,3724,OK
840,3310,OK
858,3248,OK
882,3739,OK
733,3175,OK
875,3586,OK
839,4185,OK
963,4272,OK
669,3148,OK
964,3869,OK
881,3734,OK
881,3734,OK
767,3163,OK
840,3313,OK
888,3752,OK
945,3776,OK
693,3250,OK
936,3699,OK
980,4011,OK
815,4201,OK
674,3176,OK
929,3846,OK
738,3218,OK
944,3745,OK
969,3829,OK
969,3829,OK
934,3696,OK
950,3779,OK
937,3719,OK
796,3708,OK
777,3103,OK
721,3079,OK
978,4231,OK
784,3243,OK
682,2923,OK
886,3158,OK
827,3509,OK
827,3509,OK
983,4200,OK
896,3660,OK
677,3039,OK
609,2650,OK
694,2994,OK
711,3032,OK
861,3263,OK
883,3750,OK
824,3785,OK
972,4326,OK
841,3317,OK
929,3846,OK
634,2640,OK
881,3731,OK
660,2950,OK
724,3182,OK
976,3257,OK
844,3342,OK
933,3875,OK
953,3802,OK
982,3789,OK
932,3827,OK
980,4190,OK
983,3986,OK
889,3754,OK
889,3754,OK
969,4409,OK
886,3158,OK
944,3746,OK
992,4006,OK
911,4185,OK
757,3043,OK
673,3027,OK
722,3174,OK
885,3765,OK
687,3018,OK
658,2904,OK
887,3616,OK
700,3038,OK
935,3830,OK
684,3002,OK
979,4003,OK
769,3129,OK
841,3321,OK
931,3856,OK
792,3720,OK
961,3415,OK
860,3257,OK
935,3700,OK
729,3159,OK
736,3528,OK
736,3528,OK
736,3528,OK
976,4177,OK
936,3705,OK
720,3356,OK
708,3015,OK
856,3237,OK
659,2941,OK
672,3012,OK
881,3731,OK
972,4221,OK
840,4149,OK
754,3532,OK
951,3789,OK
862,4043,OK
806,3501,OK
699,3028,OK
928,4357,OK
728,3168,OK
886,3770,OK
983,4006,OK
780,3370,OK
780,3370,OK
884,3755,OK
744,3206,OK
845,3760,OK
845,3760,OK
931,3862,OK
954,3807,OK
721,3164,OK
729,3218,OK
887,4474,OK
714,3144,OK
936,3712,OK
883,3750,OK
717,3143,OK
854,3816,OK
936,3712,OK
776,3584,OK
980,3778,OK
845,3350,OK
937,3710,OK
774,3093,OK
699,3000,OK
710,3032,OK
971,3426,OK
770,3196,OK
719,3156,OK
936,3888,OK
714,3130,OK
688,3248,OK
944,3745,OK
944,3745,OK
842,3327,OK
1008,4440,OK
978,3779,OK
747,3101,OK
684,3359,OK
821,3204,OK
945,3752,OK
932,3866,OK
656,2949,OK
955,3812,OK
940,3796,OK
909,3842,OK
975,3777,OK
730,3223,OK
825,3226,OK
891,3908,OK
662,3308,OK
870,3294,OK
631,2784,OK
708,3101,OK
887,3777,OK
712,3116,OK
866,4307,OK
702,3065,OK
915,3441,OK
915,3441,OK
672,3017,OK
987,3849,OK
710,3109,OK
951,3788,OK
944,3744,OK
709,3106,OK
938,3715,OK
738,3273,OK
933,3871,OK
701,2966,OK
975,3974,OK
840,3604,OK
700,3034,OK
846,3356,OK
725,3135,OK
843,3334,OK
977,3261,OK
718,3144,OK
906,3826,OK
846,3580,OK
739,3181,OK
984,4285,OK
730,3225,OK
1006,4433,OK
822,3210,OK
822,3210,OK
863,3747,OK
985,3989,OK
649,2885,OK
725,3148,OK
850,3717,OK
909,3434,OK
945,3748,OK
716,3137,OK
939,3727,OK
655,2752,OK
842,3328,OK
724,3141,OK
980,4244,OK
697,2990,OK
1001,4169,OK
671,3030,OK
823,3214,OK
744,3086,OK
985,4411,OK
714,3127,OK
974,3968,OK
822,3213,OK
780,3616,OK
824,3217,OK
933,3877,OK
933,3877,OK
643,2691,OK
725,3134,OK
894,3417,OK
884,3750,OK
774,3163,OK
976,3753,OK
978,3961,OK
985,4288,OK
940,3723,OK
773,3198,OK
643,2860,OK
909,3849,OK
829,3531,OK
682,3099,OK
985,3990,OK
789,3708,OK
976,3252,OK
849,4204,OK
726,3139,OK
987,3790,OK
678,3070,OK
943,3748,OK
717,3075,OK
761,3482,OK
923,3926,OK
923,3926,OK
940,3738,OK
731,3235,OK
810,3525,OK
996,4244,OK
669,3013,OK
969,3753,OK
993,4236,OK
938,3313,OK
683,3355,OK
980,4251,OK
731,3234,OK
855,3804,OK
977,3954,OK
715,3338,OK
773,3239,OK
913,3438,OK
701,3042,OK
709,3079,OK
918,3201,OK
794,3301,OK
705,3076,OK
795,3406,OK
775,3581,OK
730,3153,OK
759,3475,OK
759,3475,OK
944,3910,OK
934,3886,OK
713,3128,OK
770,3551,OK
883,3476,OK
910,3856,OK
666,2991,OK
991,4230,OK
921,3395,OK
765,3230,OK
841,3151,OK
994,4042,OK
972,4327,OK
825,3226,OK
957,3823,OK
878,4418,OK
664,2976,OK
944,3752,OK
958,4307,OK
908,4168,OK
955,3811,OK
838,3133,OK
981,4269,OK
845,3347,OK
982,3768,OK
982,3768,OK
973,3739,OK
767,3371,OK
908,3928,OK
840,3142,OK
967,3762,OK
715,3142,OK
963,3758,OK
935,3890,OK
847,4238,OK
842,4210,OK
733,3610,OK
759,3474,OK
961,3492,OK
719,3080,OK
732,3226,OK
676,3044,OK
987,4213,OK
945,3943,OK
942,3737,OK
706,3452,OK
870,3884,OK
740,3470,OK
945,3757,OK
986,4414,OK
868,4292,OK
868,4292,OK
707,3091,OK
882,3597,OK
985,4207,OK
994,3798,OK
732,3241,OK
723,3127,OK
915,3910,OK
957,3822,OK
973,3936,OK
948,4097,OK
704,3064,OK
661,2963,OK
845,3352,OK
939,3909,OK
983,4201,OK
884,4022,OK
911,3946,OK
897,3828,OK
985,4052,OK
983,3769,OK
936,3897,OK
939,3467,OK
973,4056,OK
702,3019,OK
972,4156,OK
972,4156,OK
978,3960,OK
1002,4415,OK
618,2699,OK
968,3992,OK
995,4048,OK
943,3743,OK
776,3163,OK
740,3186,OK
773,3239,OK
972,4157,OK
757,3469,OK
946,3763,OK
895,3820,OK
726,3179,OK
960,4335,OK
847,3361,OK
971,4053,OK
836,3122,OK
787,3668,OK
936,3901,OK
947,3955,OK
724,3210,OK
797,3496,OK
846,3357,OK
972,4156,OK
972,4156,OK
725,3214,OK
911,3872,OK
900,3424,OK
711,3120,OK
921,3394,OK
980,4262,OK
693,3110,OK
728,3168,OK
943,3746,OK
960,3846,OK
755,3462,OK
967,3705,OK
903,3428,OK
971,3938,OK
986,3994,OK
924,3244,OK
884,4454,OK
880,3402,OK
961,3850,OK
703,3058,OK
774,3341,OK
919,3915,OK
720,3185,OK
946,3925,OK
706,3078,OK
706,3078,OK
660,2951,OK
897,3420,OK
975,3952,OK
704,3323,OK
981,4268,OK
938,3905,OK
942,4360,OK
848,3368,OK
977,3955,OK
947,3770,OK
918,3929,OK
962,3854,OK
976,3254,OK
946,4089,OK
748,3530,OK
982,3767,OK
647,3333,OK
974,3940,OK
926,4341,OK
721,3179,OK
755,3462,OK
973,4157,OK
901,3882,OK
978,3992,OK
731,3243,OK
731,3243,OK
990,4025,OK
944,3753,OK
777,3595,OK
607,2638,OK
891,3414,OK
856,4238,OK
851,3789,OK
848,3373,OK
933,3286,OK
962,3860,OK
685,2945,OK
990,4026,OK
832,3276,OK
945,4084,OK
687,2955,OK
941,4085,OK
937,4242,OK
838,3866,OK
780,3243,OK
690,3270,OK
965,3695,OK
990,4020,OK
733,3152,OK
978,3502,OK
876,4362,OK
876,4362,OK
874,3559,OK
963,3864,OK
830,3256,OK
977,3963,OK
846,3186,OK
969,4140,OK
662,2968,OK
705,3033,OK
958,3832,OK
991,4025,OK
832,3556,OK
1004,3792,OK
723,3205,OK
705,3072,OK
998,4401,OK
986,4002,OK
881,3403,OK
989,4020,OK
962,4177,OK
963,3867,OK
980,3985,OK
975,3946,OK
837,3129,OK
979,3509,OK
965,3693,OK
965,3693,OK
733,3219,OK
884,3406,OK
986,4191,OK
992,3778,OK
635,2924,OK
869,3872,OK
937,3305,OK
830,3255,OK
705,3064,OK
650,2768,OK
723,3093,OK
933,3286,OK
989,4016,OK
722,3104,OK
945,3762,OK
705,3065,OK
990,4022,OK
971,4292,OK
956,4054,OK
846,3752,OK
950,4022,OK
985,3998,OK
1022,4593,OK
758,3722,OK
969,4140,OK
969,4140,OK
953,4038,OK
663,2974,OK
960,3841,OK
681,3186,OK
660,2951,OK
990,3776,OK
978,3969,OK
847,3192,OK
877,4417,OK
762,3346,OK
844,3174,OK
718,3080,OK
949,4014,OK
778,3493,OK
850,3384,OK
961,3848,OK
716,3149,OK
818,3510,OK
635,3280,OK
720,3095,OK
835,3576,OK
777,3456,OK
967,4376,OK
834,3291,OK
635,2806,OK
635,2806,OK
826,3294,OK
812,3608,OK
721,3175,OK
984,3993,OK
988,4010,OK
856,3807,OK
952,4030,OK
872,3547,OK
684,3218,OK
674,3052,OK
834,4175,OK
843,3168,OK
1003,4543,OK
947,3771,OK
994,3781,OK
722,3186,OK
854,3417,OK
666,2858,OK
790,3418,OK
987,4064,OK
787,3250,OK
981,3992,OK
960,4079,OK
717,3360,OK
906,3277,OK
906,3277,OK
774,3474,OK
948,3777,OK
972,3934,OK
1030,3821,OK
949,3946,OK
789,3274,OK
962,3859,OK
983,3988,OK
838,3594,OK
1011,4387,OK
961,4090,OK
714,3110,OK
954,4045,OK
966,3901,OK
832,3269,OK
846,3182,OK
963,3864,OK
802,3485,OK
964,3887,OK
835,3299,OK
999,4159,OK
1006,3794,OK
1020,4586,OK
979,3981,OK
879,4434,OK
879,4434,OK
847,3188,OK
772,3319,OK
715,3140,OK
955,4051,OK
956,4059,OK
716,3374,OK
840,3608,OK
983,4770,OK
762,3510,OK
988,4077,OK
727,3180,OK
843,3623,OK
714,3081,OK
842,3618,OK
855,3422,OK
981,3998,OK
977,3801,OK
759,3112,OK
788,3252,OK
983,3983,OK
964,3690,OK
784,3248,OK
957,4063,OK
732,3170,OK
709,3091,OK
709,3091,OK
778,3365,OK
1037,4543,OK
731,3321,OK
845,3176,OK
965,3694,OK
951,3799,OK
717,3158,OK
979,3509,OK
653,3376,OK
852,3405,OK
748,3208,OK
980,3805,OK
721,3125,OK
992,3369,OK
827,3388,OK
948,4259,OK
966,3703,OK
983,4760,OK
966,4266,OK
833,3277,OK
841,3157,OK
966,4122,OK
747,2969,OK
686,3104,OK
855,3428,OK
855,3428,OK
845,3907,OK
951,3955,OK
718,3566,OK
777,3593,OK
836,3306,OK
844,3171,OK
984,3989,OK
710,3061,OK
986,4002,OK
853,3990,OK
951,3955,OK
966,4124,OK
951,3804,OK
734,3139,OK
726,3178,OK
806,3533,OK
811,3603,OK
875,3411,OK
981,3975,OK
1023,3813,OK
714,3158,OK
844,3351,OK
929,3280,OK
837,3311,OK
689,3272,OK
689,3272,OK
918,3928,OK
984,3990,OK
856,3434,OK
1045,3583,OK
878,4377,OK
937,3306,OK
935,4027,OK
842,3164,OK
711,3066,OK
776,3487,OK
896,3846,OK
952,3809,OK
771,3462,OK
904,4493,OK
710,3093,OK
711,3090,OK
928,3508,OK
970,3931,OK
776,3101,OK
751,2998,OK
947,3957,OK
979,3965,OK
776,3102,OK
881,4374,OK
724,3164,OK
724,3164,OK
980,3971,OK
656,3405,OK
731,3654,OK
891,3816,OK
965,3521,OK
861,3791,OK
998,3932,OK
982,3999,OK
756,3259,OK
961,3867,OK
712,3099,OK
953,3814,OK
857,3442,OK
1022,4598,OK
854,3420,OK
890,4376,OK
843,3342,OK
951,3800,OK
835,3292,OK
969,3544,OK
977,4431,OK
1027,4236,OK
908,3292,OK
987,4307,OK
935,3299,OK
935,3299,OK
759,3113,OK
765,3057,OK
854,3705,OK
979,3961,OK
941,4085,OK
1004,3449,OK
841,3153,OK
902,4076,OK
705,3324,OK
713,3104,OK
843,3342,OK
857,3446,OK
959,3859,OK
781,3376,OK
652,2935,OK
1005,3940,OK
953,3819,OK
650,2766,OK
952,3805,OK
833,3280,OK
840,3149,OK
1029,4242,OK
965,4363,OK
717,3077,OK
710,3110,OK
710,3110,OK
1008,4210,OK
912,3906,OK
814,3826,OK
716,3431,OK
858,3450,OK
982,3980,OK
983,3992,OK
676,2927,OK
848,3370,OK
966,3902,OK
954,3824,OK
966,3703,OK
975,3975,OK
952,3810,OK
767,3435,OK
983,4011,OK
715,3129,OK
1047,3586,OK
743,3240,OK
958,4587,OK
760,3116,OK
897,4507,OK
787,3114,OK
845,3315,OK
863,4261,OK
863,4261,OK
734,3186,OK
825,4123,OK
883,4376,OK
991,4824,OK
836,3304,OK
959,3661,OK
926,3982,OK
765,3373,OK
693,2989,OK
892,3825,OK
955,3827,OK
1056,3922,OK
1010,4220,OK
739,3414,OK
769,3382,OK
761,3123,OK
1025,4229,OK
843,3345,OK
876,3930,OK
909,4098,OK
856,3436,OK
982,3977,OK
1043,3581,OK
957,3636,OK
1018,4196,OK
1018,4196,OK
997,4127,OK
953,3815,OK
928,3993,OK
688,3231,OK
985,4399,OK
935,3321,OK
766,3060,OK
729,2979,OK
869,3858,OK
888,3992,OK
837,3310,OK
976,3641,OK
730,3141,OK
711,3351,OK
723,3160,OK
981,3972,OK
843,3341,OK
1004,3938,OK
1037,3574,OK
984,4021,OK
767,3152,OK
843,3344,OK
893,4391,OK
825,3393,OK
708,3353,OK
708,3353,OK
979,3964,OK
789,3303,OK
1033,3570,OK
956,3630,OK
980,3968,OK
900,4538,OK
972,4362,OK
846,3686,OK
715,3112,OK
894,3837,OK
994,4122,OK
954,3822,OK
714,3116,OK
807,3797,OK
761,3125,OK
905,3273,OK
971,4355,OK
694,3305,OK
906,3281,OK
823,3363,OK
954,3825,OK
750,2971,OK
720,3147,OK
1014,4171,OK
955,3624,OK
955,3624,OK
727,3294,OK
709,3349,OK
841,3338,OK
944,3375,OK
984,4473,OK
1023,4607,OK
780,3418,OK
720,3142,OK
952,3621,OK
766,3433,OK
974,3938,OK
912,3906,OK
685,2930,OK
894,4081,OK
946,3402,OK
938,4054,OK
943,4105,OK
954,3826,OK
714,3113,OK
726,3177,OK
1071,3779,OK
938,4056,OK
704,3138,OK
744,3275,OK
794,3729,OK
794,3729,OK
949,3425,OK
719,3383,OK
953,3618,OK
1009,3474,OK
991,4144,OK
750,3209,OK
929,4005,OK
717,3120,OK
956,3643,OK
720,3156,OK
979,4009,OK
1012,4233,OK
720,3142,OK
851,3391,OK
724,3167,OK
1013,3949,OK
1012,4544,OK
794,3184,OK
990,4333,OK
960,3859,OK
948,4012,OK
951,3614,OK
972,3931,OK
739,3182,OK
950,4019,OK
950,4019,OK
961,3868,OK
766,3431,OK
1011,3490,OK
842,3354,OK
858,3452,OK
698,3337,OK
960,4290,OK
708,3233,OK
702,3517,OK
855,3729,OK
951,4025,OK
957,4062,OK
952,4032,OK
720,3157,OK
862,3825,OK
841,3442,OK
728,3173,OK
1018,3954,OK
709,3136,OK
864,4256,OK
655,3393,OK
971,3926,OK
991,4337,OK
830,3583,OK
939,4063,OK
939,4063,OK
741,3515,OK
841,3341,OK
746,3171,OK
975,4421,OK
967,4127,OK
994,4117,OK
978,4345,OK
740,3719,OK
786,3249,OK
706,3147,OK
768,3444,OK
701,3352,OK
843,3360,OK
993,4114,OK
844,3357,OK
951,3609,OK
701,3350,OK
961,3867,OK
929,3498,OK
841,3341,OK
963,3884,OK
737,3220,OK
743,3201,OK
1016,3516,OK
700,3128,OK
700,3128,OK
1022,4620,OK
931,4014,OK
836,3632,OK
716,3050,OK
902,3893,OK
962,4079,OK
1024,3960,OK
950,3604,OK
697,3294,OK
940,4217,OK
772,3096,OK
708,3116,OK
727,3172,OK
752,3295,OK
973,3934,OK
962,3875,OK
844,3366,OK
951,3441,OK
691,3259,OK
808,3661,OK
997,4130,OK
988,3653,OK
782,3482,OK
696,3288,OK
837,3440,OK
837,3440,OK
842,3348,OK
900,4111,OK
1070,4006,OK
962,3880,OK
957,3849,OK
698,3266,OK
963,3884,OK
660,2832,OK
766,3428,OK
727,3197,OK
807,3656,OK
984,4150,OK
786,3687,OK
731,3191,OK
888,3996,OK
736,3233,OK
765,3431,OK
940,4073,OK
817,3704,OK
842,3353,OK
899,4529,OK
876,4328,OK
878,3983,OK
722,3085,OK
845,3364,OK
845,3364,OK
1016,4027,OK
809,3632,OK
946,4125,OK
765,3433,OK
958,3853,OK
955,3624,OK
932,4023,OK
833,4168,OK
1000,4184,OK
861,3790,OK
845,3376,OK
936,4200,OK
1033,3970,OK
960,3858,OK
767,3440,OK
821,3747,OK
845,3364,OK
701,3516,OK
950,3608,OK
980,4146,OK
815,3697,OK
747,3421,OK
944,3573,OK
866,3541,OK
1017,4583,OK
1017,4583,OK
941,4079,OK
784,3373,OK
843,3360,OK
960,3864,OK
687,3264,OK
982,4759,OK
708,3162,OK
815,3785,OK
968,4129,OK
680,2951,OK
906,4622,OK
953,3618,OK
1037,3975,OK
972,3931,OK
843,3873,OK
976,4142,OK
947,3585,OK
818,3848,OK
729,3396,OK
1012,3496,OK
691,3042,OK
952,3609,OK
864,3825,OK
780,3327,OK
846,3379,OK
846,3379,OK
978,4319,OK
845,3364,OK
798,3760,OK
942,4084,OK
729,3152,OK
899,4428,OK
961,3879,OK
796,3501,OK
852,3712,OK
958,3858,OK
937,3337,OK
963,3896,OK
722,3159,OK
945,4109,OK
946,4115,OK
1122,4309,OK
819,3851,OK
942,4086,OK
890,3400,OK
682,2966,OK
804,3279,OK
839,3910,OK
787,3374,OK
671,3516,OK
1069,4003,OK
1069,4003,OK
910,4105,OK
743,3201,OK
757,3769,OK
713,3158,OK
1064,3988,OK
961,3873,OK
967,3913,OK
775,3473,OK
967,3913,OK
959,3863,OK
774,3630,OK
896,4042,OK
910,4586,OK
752,3338,OK
962,3884,OK
699,3339,OK
951,4540,OK
855,3427,OK
797,3730,OK
856,4329,OK
874,3888,OK
723,3091,OK
1029,4657,OK
725,3461,OK
723,3096,OK
723,3096,OK
865,3313,OK
942,4221,OK
746,3514,OK
708,3397,OK
832,3431,OK
735,3179,OK
846,3379,OK
692,3021,OK
943,3567,OK
854,3724,OK
812,4035,OK
963,3885,OK
676,3001,OK
1067,3998,OK
902,3894,OK
844,4254,OK
943,3377,OK
842,3523,OK
994,4988,OK
974,4161,OK
757,3382,OK
698,3165,OK
846,3378,OK
736,3231,OK
762,3418,OK
762,3418,OK
756,3384,OK
960,3870,OK
969,4679,OK
939,3329,OK
991,4057,OK
838,3662,OK
955,4431,OK
804,3397,OK
951,3423,OK
964,3889,OK
1065,3991,OK
696,3074,OK
971,4144,OK
619,2740,OK
781,3383,OK
715,3392,OK
1018,3526,OK
773,3188,OK
896,4448,OK
885,3724,OK
834,3437,OK
905,4561,OK
941,4483,OK
945,4299,OK
1096,4221,OK
1096,4221,OK
895,3463,OK
963,3895,OK
946,3404,OK
997,3920,OK
721,3156,OK
969,4675,OK
1011,4151,OK
866,3784,OK
1004,4526,OK
835,4007,OK
965,4166,OK
1065,3992,OK
946,3583,OK
726,3115,OK
847,3386,OK
945,4109,OK
961,3661,OK
873,3862,OK
945,4259,OK
945,3391,OK
961,3878,OK
1062,3983,OK
1004,3928,OK
921,3998,OK
960,4290,OK
960,4290,OK
715,3390,OK
1007,3931,OK
707,3395,OK
881,4003,OK
915,4590,OK
832,3630,OK
925,4578,OK
963,3899,OK
790,3467,OK
945,3574,OK
836,3461,OK
723,3151,OK
699,3091,OK
754,3372,OK
951,3436,OK
705,3217,OK
980,3947,OK
848,3393,OK
766,3434,OK
1038,4762,OK
693,3028,OK
1038,4139,OK
848,4238,OK
738,3228,OK
955,3503,OK
955,3503,OK
701,3075,OK
839,3847,OK
951,3432,OK
733,3449,OK
848,3397,OK
962,3886,OK
891,3401,OK
1013,3938,OK
870,4285,OK
736,3221,OK
1038,4139,OK
746,3518,OK
941,4232,OK
942,4281,OK
784,3473,OK
861,3282,OK
943,3564,OK
824,3877,OK
923,4569,OK
1039,4147,OK
756,3378,OK
900,3802,OK
955,4034,OK
951,4143,OK
723,3473,OK
723,3473,OK
725,3160,OK
783,3665,OK
994,4075,OK
944,3570,OK
949,4326,OK
956,3462,OK
868,3911,OK
745,3244,OK
1032,4109,OK
972,4290,OK
778,3441,OK
976,3916,OK
739,3289,OK
842,3955,OK
952,4146,OK
953,3620,OK
952,4146,OK
754,3339,OK
946,4113,OK
951,4014,OK
772,3621,OK
751,3740,OK
759,3082,OK
704,3092,OK
723,3438,OK
723,3438,OK
947,4115,OK
907,4516,OK
973,3961,OK
965,3915,OK
1045,3868,OK
952,4147,OK
718,3227,OK
947,4115,OK
940,4210,OK
738,3263,OK
713,3156,OK
807,3595,OK
947,4390,OK
892,3762,OK
864,3308,OK
726,3470,OK
741,3137,OK
944,4251,OK
826,3977,OK
903,4501,OK
761,3238,OK
785,3375,OK
962,3890,OK
748,3300,OK
708,3387,OK
708,3387,OK
964,3903,OK
909,4546,OK
729,3500,OK
800,3258,OK
792,3218,OK
755,3200,OK
705,3337,OK
945,4109,OK
963,4220,OK
845,4259,OK
942,3614,OK
973,3961,OK
967,3795,OK
742,3258,OK
839,3459,OK
742,3258,OK
914,3600,OK
739,3382,OK
948,4121,OK
973,4702,OK
741,3199,OK
896,4147,OK
969,4274,OK
844,4220,OK
756,3386,OK
756,3386,OK
714,3386,OK
965,3911,OK
1047,4196,OK
876,3875,OK
913,4019,OK
954,4157,OK
953,4319,OK
951,3423,OK
699,3301,OK
784,3665,OK
804,3619,OK
959,4132,OK
936,3608,OK
859,4036,OK
965,3786,OK
859,4036,OK
898,4048,OK
763,3271,OK
954,4158,OK
775,3608,OK
970,3875,OK
729,3257,OK
969,3870,OK
714,3417,OK
937,4063,OK
937,4063,OK
697,3279,OK
752,3606,OK
1014,4191,OK
746,3298,OK
746,3298,OK
746,3316,OK
735,3451,OK
904,3919,OK
863,3299,OK
806,3234,OK
957,3645,OK
924,4579,OK
713,3433,OK
912,4589,OK
728,3194,OK
955,4163,OK
961,4204,OK
955,4162,OK
731,3494,OK
828,3368,OK
744,3270,OK
914,3599,OK
750,3320,OK
988,4794,OK
783,3468,OK
783,3468,OK
978,4186,OK
905,4076,OK
1011,3936,OK
1011,3936,OK
731,3192,OK
950,4132,OK
750,3253,OK
853,3434,OK
965,4242,OK
860,3278,OK
818,3774,OK
966,3853,OK
879,4078,OK
814,3802,OK
792,3731,OK
760,3387,OK
953,3443,OK
749,3138,OK
929,3600,OK
959,4192,OK
745,3214,OK
1054,4834,OK
1054,4233,OK
769,3537,OK
953,4154,OK
953,4154,OK
1040,3850,OK
896,3472,OK
921,3995,OK
715,3430,OK
754,3370,OK
798,3252,OK
854,3554,OK
714,3385,OK
956,4168,OK
937,4207,OK
930,4232,OK
944,4292,OK
864,3553,OK
888,3738,OK
744,3224,OK
1052,4217,OK
735,3238,OK
790,3514,OK
823,3731,OK
1036,4125,OK
965,3845,OK
725,3495,OK
951,4139,OK
1036,4125,OK
981,3959,OK
981,3959,OK
753,3575,OK
713,3184,OK
747,3287,OK
633,2837,OK
983,4212,OK
743,3070,OK
809,3757,OK
956,3462,OK
957,4173,OK
974,3966,OK
870,3354,OK
736,3285,OK
738,3265,OK
972,3953,OK
956,4292,OK
951,4141,OK
913,3599,OK
980,4752,OK
750,3104,OK
1037,3958,OK
725,3662,OK
806,3807,OK
920,3998,OK
707,3130,OK
764,3794,OK
764,3794,OK
750,3104,OK
723,3452,OK
909,4536,OK
729,3263,OK
740,3278,OK
1103,4370,OK
952,4144,OK
926,4127,OK
826,3355,OK
950,4260,OK
790,3472,OK
1041,4153,OK
1020,4041,OK
745,3110,OK
745,3215,OK
776,3429,OK
833,3636,OK
822,4097,OK
984,4774,OK
957,4177,OK
710,3413,OK
868,3341,OK
795,3239,OK
1128,4375,OK
730,3498,OK
730,3498,OK
737,3251,OK
982,4206,OK
1107,4287,OK
953,4149,OK
1032,4721,OK
701,3462,OK
847,3981,OK
929,4036,OK
818,3954,OK
713,3436,OK
982,4238,OK
911,3578,OK
832,3914,OK
708,3146,OK
732,3480,OK
867,3332,OK
1011,4583,OK
735,3239,OK
746,3238,OK
958,4184,OK
910,3578,OK
960,3662,OK
852,3863,OK
1007,4554,OK
808,3627,OK
808,3627,OK
817,3445,OK
990,4248,OK
941,4354,OK
965,4236,OK
749,3317,OK
751,3309,OK
966,4245,OK
815,3414,OK
992,4265,OK
706,3362,OK
755,3347,OK
954,4155,OK
992,4271,OK
740,3232,OK
954,4155,OK
945,4804,OK
773,3561,OK
968,3528,OK
992,4271,OK
981,4232,OK
941,4355,OK
959,4189,OK
981,4230,OK
1067,4890,OK
846,3499,OK
846,3499,OK
856,3452,OK
758,3630,OK
935,4242,OK
973,4510,OK
798,3259,OK
852,3465,OK
769,3453,OK
810,3935,OK
857,3460,OK
742,3315,OK
1037,4744,OK
1060,4267,OK
890,3857,OK
965,4241,OK
884,3712,OK
756,3775,OK
963,4214,OK
958,4821,OK
814,3285,OK
951,3762,OK
644,2895,OK
785,3453,OK
730,3332,OK
768,3303,OK
967,4240,OK
967,4240,OK
791,3160,OK
955,4163,OK
904,4467,OK
939,4225,OK
748,3248,OK
848,3589,OK
997,4065,OK
781,3439,OK
1055,4229,OK
780,3629,OK
980,4225,OK
685,3275,OK
952,4351,OK
739,3275,OK
960,4196,OK
682,3159,OK
873,3656,OK
967,4674,OK
956,4165,OK
1029,4706,OK
840,3580,OK
815,3291,OK
854,3559,OK
743,3287,OK
1056,4241,OK
1056,4241,OK
781,3634,OK
959,4615,OK
1015,3556,OK
914,3500,OK
794,3558,OK
913,4555,OK
1019,4382,OK
909,3573,OK
801,3274,OK
958,4606,OK
828,3566,OK
744,3278,OK
1062,4275,OK
729,3130,OK
1131,4424,OK
738,3393,OK
1026,4421,OK
758,3613,OK
752,3355,OK
769,3277,OK
908,3557,OK
956,4169,OK
724,3264,OK
956,4170,OK
714,3407,OK
714,3407,OK
861,3588,OK
868,3441,OK
716,3412,OK
957,4573,OK
961,4201,OK
734,3517,OK
1000,4161,OK
1011,3524,OK
957,4173,OK
1054,4073,OK
951,4294,OK
776,3262,OK
986,4228,OK
936,4191,OK
967,4872,OK
749,3260,OK
1057,4240,OK
1133,4442,OK
862,3973,OK
1133,4437,OK
776,3581,OK
815,3658,OK
957,4174,OK
733,3296,OK
780,3368,OK
780,3368,OK
773,3452,OK
759,3301,OK
958,4176,OK
822,3775,OK
999,4067,OK
1006,3698,OK
821,4095,OK
922,3593,OK
709,3367,OK
999,4067,OK
894,4390,OK
803,3563,OK
832,3886,OK
876,3570,OK
923,4104,OK
913,4132,OK
978,4211,OK
1061,4275,OK
704,3283,OK
719,3454,OK
812,3946,OK
678,2941,OK
964,4211,OK
769,3458,OK
865,3552,OK
865,3552,OK
850,3517,OK
670,2864,OK
845,3880,OK
711,3333,OK
922,4185,OK
960,3817,OK
1019,3583,OK
748,3307,OK
1030,4082,OK
809,3633,OK
879,3689,OK
857,3567,OK
986,4162,OK
984,4180,OK
691,3013,OK
784,3875,OK
764,3230,OK
893,4173,OK
613,2701,OK
964,4213,OK
741,3261,OK
817,3309,OK
1058,4242,OK
879,3572,OK
916,4564,OK
916,4564,OK
1050,4820,OK
1024,3618,OK
736,3318,OK
815,3293,OK
720,3440,OK
1136,4459,OK
774,3259,OK
909,4523,OK
1053,4212,OK
719,3393,OK
959,4183,OK
1127,4332,OK
700,3089,OK
965,4216,OK
755,3339,OK
815,3299,OK
837,4218,OK
754,3173,OK
859,3579,OK
815,3298,OK
716,3416,OK
1054,4216,OK
1040,4134,OK
1020,3482,OK
637,2860,OK
